key,name_key,name,position,consensus_adp,n_sources,ESPN,FootballGuys,CBS,DraftKings,Drafters,NFFC,Underdog,consensus_rank
jahmyrgibbs,jahmyrgibbs,Jahmyr Gibbs,RB,1.11,6,1.69,1.0,1.0,1.0,1.0,1.0,1.0,1.0
bijanrobinson,bijanrobinson,Bijan Robinson,RB,2.23,6,3.35,2.0,2.0,2.0,2.0,2.0,2.0,2.0
jamarrchase,jamarrchase,Ja'Marr Chase,WR,3.47,6,5.81,3.0,3.0,3.0,3.0,3.0,3.0,3.0
pukanacua,pukanacua,Puka Nacua,WR,4.67,6,8.05,4.0,4.0,4.0,4.0,4.0,4.0,4.0
jaxonsmithnjigba,jaxonsmithnjigba,Jaxon Smith-Njigba,WR,5.07,6,4.41,6.0,6.0,5.0,5.0,5.0,5.0,5.0
christianmccaffrey,christianmccaffrey,Christian McCaffrey,RB,7.0,6,8.97,5.0,7.0,6.0,7.0,7.0,6.0,6.0
amonrastbrown,amonrastbrown,Amon-Ra St. Brown,WR,7.14,6,8.84,7.0,8.0,7.0,6.0,6.0,7.0,7.0
jonathantaylor,jonathantaylor,Jonathan Taylor,RB,7.58,6,8.46,8.0,5.0,8.0,8.0,8.0,8.0,8.0
jamescook,jamescook,James Cook III,RB,9.67,6,13.02,9.0,9.0,9.0,9.0,9.0,9.0,9.0
ceedeelamb,ceedeelamb,CeeDee Lamb,WR,10.76,6,11.58,11.0,12.0,11.0,10.0,10.0,10.0,10.0
justinjefferson,justinjefferson,Justin Jefferson,WR,12.42,6,16.5,10.0,15.0,10.0,11.0,11.0,11.0,11.0
chasebrown,chasebrown,Chase Brown,RB,14.37,6,24.19,12.0,10.0,13.0,12.0,13.0,14.0,12.0
kenwalker,kenwalker,Ken Walker,,14.8,5,,16.0,16.0,14.0,14.0,17.0,13.0,13.0
saquonbarkley,saquonbarkley,Saquon Barkley,RB,14.97,6,23.85,13.0,13.0,12.0,13.0,16.0,12.0,14.0
kennethwalkeriii,kennethwalkeriii,Kenneth Walker III,RB,15.95,1,15.95,,,,,,,15.0
derrickhenry,derrickhenry,Derrick Henry,RB,17.03,6,15.17,20.0,14.0,18.0,19.0,21.0,15.0,16.0
omarionhampton,omarionhampton,Omarion Hampton,RB,18.39,6,31.33,15.0,17.0,16.0,16.0,14.0,16.0,17.0
ashtonjeanty,ashtonjeanty,Ashton Jeanty,RB,18.5,6,21.99,17.0,22.0,20.0,17.0,12.0,18.0,18.0
devonachane,devonachane,De'Von Achane,RB,18.57,6,38.41,14.0,11.0,15.0,15.0,15.0,17.0,19.0
brockbowers,brockbowers,Brock Bowers,TE,20.79,6,22.77,18.0,25.0,19.0,18.0,20.0,20.0,20.0
drakelondon,drakelondon,Drake London,WR,22.19,6,22.11,21.0,21.0,25.0,23.0,18.0,24.0,21.0
ajbrown,ajbrown,A.J. Brown,WR,22.94,6,44.63,19.0,18.0,17.0,20.0,19.0,19.0,22.0
chrisolave,chrisolave,Chris Olave,WR,23.87,6,24.23,24.0,26.0,21.0,22.0,25.0,25.0,23.0
georgepickens,georgepickens,George Pickens,WR,24.19,6,34.16,23.0,20.0,22.0,24.0,22.0,23.0,24.0
nicocollins,nicocollins,Nico Collins,WR,24.44,6,33.66,22.0,24.0,24.0,21.0,23.0,21.0,25.0
treymcbride,treymcbride,Trey McBride,TE,25.97,6,20.83,25.0,27.0,27.0,28.0,24.0,29.0,26.0
joshallen,joshallen,Josh Allen,QB,26.22,6,13.34,30.0,19.0,28.0,33.0,27.0,37.0,27.0
rasheerice,rasheerice,Rashee Rice,WR,28.95,6,37.71,27.0,23.0,29.0,30.0,26.0,28.0,28.0
maliknabers,maliknabers,Malik Nabers,WR,29.12,6,46.71,26.0,30.0,23.0,25.0,28.0,22.0,29.0
javontewilliams,javontewilliams,Javonte Williams,RB,29.44,6,36.65,29.0,29.0,26.0,26.0,32.0,27.0,30.0
kyrenwilliams,kyrenwilliams,Kyren Williams,RB,31.24,6,39.42,33.0,28.0,30.0,29.0,31.0,30.0,31.0
jeremiyahlove,jeremiyahlove,Jeremiyah Love,RB,31.65,6,29.91,31.0,33.0,36.0,31.0,29.0,31.0,32.0
devontasmith,devontasmith,DeVonta Smith,WR,31.67,6,45.02,28.0,31.0,31.0,27.0,30.0,26.0,33.0
zayflowers,zayflowers,Zay Flowers,WR,34.07,6,38.42,32.0,34.0,34.0,32.0,33.0,33.0,34.0
garrettwilson,garrettwilson,Garrett Wilson,WR,38.05,6,35.27,36.0,45.0,38.0,36.0,35.0,39.0,35.0
breecehall,breecehall,Breece Hall,RB,38.19,6,50.11,34.0,39.0,39.0,35.0,34.0,32.0,36.0
teehiggins,teehiggins,Tee Higgins,WR,40.96,6,55.75,41.0,36.0,40.0,40.0,38.0,36.0,37.0
laddmcconkey,laddmcconkey,Ladd McConkey,WR,41.34,6,74.02,35.0,38.0,32.0,34.0,36.0,34.0,38.0
travisetienne,travisetienne,Travis Etienne Jr.,RB,41.63,6,69.8,37.0,32.0,33.0,37.0,40.0,38.0,39.0
colstonloveland,colstonloveland,Colston Loveland,TE,43.4,6,57.38,38.0,40.0,37.0,41.0,42.0,43.0,40.0
tetairoamcmillan,tetairoamcmillan,Tetairoa McMillan,WR,44.11,6,55.65,42.0,42.0,44.0,44.0,37.0,42.0,41.0
dandreswift,dandreswift,D'Andre Swift,RB,44.41,6,58.44,46.0,35.0,42.0,42.0,48.0,41.0,42.0
jaylenwaddle,jaylenwaddle,Jaylen Waddle,WR,45.71,6,79.26,39.0,46.0,35.0,38.0,41.0,35.0,43.0
emekaegbuka,emekaegbuka,Emeka Egbuka,WR,45.98,6,64.89,40.0,44.0,43.0,45.0,39.0,40.0,44.0
camskattebo,camskattebo,Cam Skattebo,RB,46.37,6,54.23,45.0,37.0,45.0,51.0,44.0,47.0,45.0
davanteadams,davanteadams,Davante Adams,WR,48.81,6,41.87,48.0,53.0,48.0,50.0,49.0,51.0,46.0
lamarjackson,lamarjackson,Lamar Jackson,QB,49.09,6,27.52,56.0,41.0,53.0,57.0,58.0,58.0,47.0
djmoore,djmoore,DJ Moore,WR,50.66,6,76.93,43.0,48.0,41.0,39.0,50.0,49.0,48.0
buckyirving,buckyirving,Bucky Irving,RB,50.95,6,64.69,50.0,43.0,50.0,47.0,53.0,48.0,49.0
davidmontgomery,davidmontgomery,David Montgomery,RB,53.7,6,87.21,47.0,49.0,47.0,48.0,46.0,45.0,50.0
lutherburden,lutherburden,Luther Burden III,WR,55.22,6,98.31,44.0,57.0,46.0,43.0,43.0,44.0,51.0
quinshonjudkins,quinshonjudkins,Quinshon Judkins,RB,55.91,6,66.44,52.0,47.0,57.0,59.0,52.0,54.0,52.0
jamesonwilliams,jamesonwilliams,Jameson Williams,WR,56.39,6,91.33,49.0,54.0,51.0,49.0,47.0,46.0,53.0
bhayshultuten,bhayshultuten,Bhayshul Tuten,RB,58.2,6,76.21,54.0,55.0,55.0,52.0,61.0,50.0,54.0
tylerwarren,tylerwarren,Tyler Warren,TE,58.29,6,53.76,53.0,56.0,58.0,62.0,60.0,60.0,55.0
christianwatson,christianwatson,Christian Watson,WR,58.71,6,77.23,55.0,60.0,54.0,54.0,51.0,56.0,56.0
parkerwashington,parkerwashington,Parker Washington,WR,59.11,6,78.68,58.0,66.0,49.0,46.0,63.0,52.0,57.0
terrymclaurin,terrymclaurin,Terry McLaurin,WR,59.33,6,87.96,51.0,58.0,56.0,56.0,45.0,53.0,58.0
joeburrow,joeburrow,Joe Burrow,QB,59.45,6,56.69,61.0,50.0,59.0,68.0,56.0,67.0,59.0
drakemaye,drakemaye,Drake Maye,QB,63.38,6,72.3,63.0,51.0,63.0,66.0,62.0,66.0,60.0
jadarianprice,jadarianprice,Jadarian Price,RB,64.08,6,107.5,57.0,52.0,52.0,53.0,65.0,55.0,61.0
romeodunze,romeodunze,Rome Odunze,WR,64.51,6,98.06,59.0,61.0,60.0,55.0,54.0,59.0,62.0
mikeevans,mikeevans,Mike Evans,WR,67.89,6,101.31,60.0,70.0,62.0,60.0,57.0,57.0,63.0
rhamondrestevenson,rhamondrestevenson,Rhamondre Stevenson,RB,70.84,6,112.05,64.0,62.0,61.0,58.0,71.0,61.0,64.0
jaydendaniels,jaydendaniels,Jayden Daniels,QB,72.27,6,70.61,74.0,67.0,77.0,74.0,73.0,72.0,65.0
treveyonhenderson,treveyonhenderson,TreVeyon Henderson,RB,72.34,6,107.03,62.0,71.0,70.0,67.0,55.0,64.0,66.0
jalenhurts,jalenhurts,Jalen Hurts,QB,72.34,6,71.02,82.0,63.0,72.0,73.0,84.0,71.0,67.0
marvinharrisonjr,marvinharrisonjr,Marvin Harrison Jr.,WR,72.8,6,115.81,65.0,68.0,64.0,61.0,66.0,62.0,68.0
jaylenwarren,jaylenwarren,Jaylen Warren,RB,73.02,6,96.14,67.0,73.0,69.0,64.0,67.0,69.0,69.0
dakprescott,dakprescott,Dak Prescott,QB,76.98,6,80.86,87.0,59.0,73.0,85.0,83.0,81.0,70.0
calebwilliams,calebwilliams,Caleb Williams,QB,78.27,6,116.6,76.0,74.0,65.0,69.0,72.0,73.0,71.0
carnelltate,carnelltate,Carnell Tate,WR,78.68,6,108.08,66.0,90.0,76.0,71.0,64.0,63.0,72.0
tuckerkraft,tuckerkraft,Tucker Kraft,TE,79.83,6,117.95,68.0,69.0,68.0,76.0,74.0,74.0,73.0
dkmetcalf,dkmetcalf,DK Metcalf,WR,81.98,6,105.85,69.0,88.0,84.0,75.0,69.0,70.0,74.0
brianthomasjr,brianthomasjr,Brian Thomas Jr.,WR,83.02,6,138.1,71.0,83.0,74.0,70.0,68.0,65.0,75.0
seahawksdst,seahawksdst,Seahawks D/ST,DST,83.69,1,83.69,,,,,,,76.0
samlaporta,samlaporta,Sam LaPorta,TE,83.83,6,88.01,75.0,65.0,79.0,88.0,93.0,90.0,77.0
tonypollard,tonypollard,Tony Pollard,RB,85.05,6,115.32,73.0,72.0,82.0,86.0,75.0,80.0,78.0
chrisgodwin,chrisgodwin,Chris Godwin Jr.,WR,85.33,6,142.97,70.0,85.0,66.0,63.0,80.0,75.0,79.0
michaelwilson,michaelwilson,Michael Wilson,WR,86.36,6,111.17,77.0,95.0,71.0,78.0,76.0,87.0,80.0
courtlandsutton,courtlandsutton,Courtland Sutton,WR,86.92,6,119.53,81.0,79.0,78.0,93.0,70.0,82.0,81.0
quentinjohnston,quentinjohnston,Quentin Johnston,WR,87.04,6,152.22,79.0,92.0,67.0,65.0,78.0,68.0,82.0
justinherbert,justinherbert,Justin Herbert,QB,88.22,6,122.3,85.0,82.0,83.0,81.0,77.0,84.0,83.0
ricodowdle,ricodowdle,Rico Dowdle,RB,89.42,6,134.54,78.0,77.0,86.0,72.0,88.0,79.0,84.0
trevorlawrence,trevorlawrence,Trevor Lawrence,QB,89.49,6,101.95,92.0,80.0,89.0,90.0,85.0,91.0,85.0
kylepitts,kylepitts,Kyle Pitts Sr.,TE,89.81,6,100.89,80.0,75.0,85.0,96.0,82.0,100.0,86.0
texansdst,texansdst,Texans D/ST,DST,90.47,1,90.47,,,,,,,87.0
brandonaubrey,brandonaubrey,Brandon Aubrey,K,90.82,2,75.64,248.0,106.0,,,,,88.0
haroldfannin,haroldfannin,Harold Fannin Jr.,TE,90.83,6,83.96,84.0,64.0,95.0,108.0,87.0,107.0,89.0
jonathonbrooks,jonathonbrooks,Jonathon Brooks,RB,91.94,6,132.63,72.0,87.0,81.0,84.0,89.0,78.0,90.0
georgekittle,georgekittle,George Kittle,TE,94.08,6,56.5,94.0,76.0,100.0,113.0,111.0,108.0,91.0
joshjacobs,joshjacobs,Josh Jacobs,RB,94.64,6,122.83,83.0,91.0,104.0,115.0,59.0,76.0,92.0
rjharvey,rjharvey,RJ Harvey,RB,96.35,6,141.11,89.0,96.0,87.0,79.0,81.0,94.0,93.0
alecpierce,alecpierce,Alec Pierce,WR,96.5,6,136.97,88.0,81.0,88.0,101.0,79.0,93.0,94.0
brockpurdy,brockpurdy,Brock Purdy,QB,96.94,6,62.63,112.0,100.0,109.0,104.0,101.0,105.0,95.0
chubahubbard,chubahubbard,Chuba Hubbard,RB,99.49,6,89.93,95.0,104.0,112.0,100.0,90.0,101.0,96.0
patrickmahomes,patrickmahomes,Patrick Mahomes,QB,99.92,6,75.54,118.0,105.0,103.0,105.0,109.0,102.0,97.0
blakecorum,blakecorum,Blake Corum,RB,100.02,6,144.15,86.0,101.0,91.0,89.0,92.0,83.0,98.0
kennygainwell,kennygainwell,Kenny Gainwell,RB,100.7,6,126.2,91.0,97.0,98.0,82.0,91.0,110.0,99.0
marshawnlloyd,marshawnlloyd,MarShawn Lloyd,RB,100.96,6,133.79,93.0,78.0,75.0,77.0,157.0,85.0,100.0
joshdowns,joshdowns,Josh Downs,WR,102.99,6,130.93,90.0,121.0,96.0,87.0,95.0,88.0,101.0
jaydenreed,jaydenreed,Jayden Reed,WR,103.41,6,155.43,96.0,120.0,90.0,80.0,98.0,77.0,102.0
stefondiggs,stefondiggs,Stefon Diggs,WR,103.74,6,114.44,100.0,110.0,93.0,94.0,114.0,97.0,103.0
matthewstafford,matthewstafford,Matthew Stafford,QB,103.83,6,113.01,113.0,94.0,92.0,114.0,97.0,113.0,104.0
jkdobbins,jkdobbins,J.K. Dobbins,RB,104.24,6,134.42,97.0,86.0,107.0,103.0,96.0,99.0,105.0
jordanaddison,jordanaddison,Jordan Addison,WR,105.53,6,132.19,101.0,109.0,102.0,99.0,102.0,89.0,106.0
jordanmason,jordanmason,Jordan Mason,RB,105.95,6,162.68,99.0,93.0,94.0,91.0,103.0,92.0,107.0
michaelpittmanjr,michaelpittmanjr,Michael Pittman Jr.,WR,105.99,6,117.96,98.0,112.0,115.0,102.0,86.0,103.0,108.0
broncosdst,broncosdst,Broncos D/ST,DST,106.22,1,106.22,,,,,,,109.0
matthewgolden,matthewgolden,Matthew Golden,WR,107.44,6,110.66,104.0,130.0,101.0,95.0,112.0,96.0,110.0
jaredgoff,jaredgoff,Jared Goff,QB,108.71,6,131.24,119.0,108.0,99.0,98.0,104.0,112.0,111.0
wandalerobinson,wandalerobinson,Wan'Dale Robinson,WR,110.23,6,128.39,102.0,115.0,113.0,92.0,94.0,119.0,112.0
jacorycroskeymerritt,jacorycroskeymerritt,Jacory Croskey-Merritt,RB,110.53,6,148.16,103.0,102.0,105.0,97.0,113.0,98.0,113.0
traviskelce,traviskelce,Travis Kelce,TE,111.33,6,80.95,108.0,99.0,120.0,122.0,120.0,126.0,114.0
daltonkincaid,daltonkincaid,Dalton Kincaid,TE,111.62,6,114.72,106.0,117.0,97.0,107.0,117.0,117.0,115.0
jaxsondart,jaxsondart,Jaxson Dart,QB,112.46,6,117.75,114.0,114.0,114.0,111.0,107.0,111.0,116.0
dezhaunstribling,dezhaunstribling,De'Zhaun Stribling,WR,112.62,6,156.7,107.0,113.0,80.0,83.0,148.0,95.0,117.0
makailemon,makailemon,Makai Lemon,WR,113.55,6,150.3,105.0,128.0,108.0,110.0,99.0,86.0,118.0
bonix,bonix,Bo Nix,QB,113.69,6,130.13,115.0,123.0,106.0,109.0,108.0,106.0,119.0
steelersdst,steelersdst,Steelers D/ST,DST,115.47,1,115.47,,,,,,,120.0
isaiahlikely,isaiahlikely,Isaiah Likely,TE,115.5,6,123.03,109.0,89.0,111.0,127.0,119.0,124.0,121.0
vikingsdst,vikingsdst,Vikings D/ST,DST,116.98,1,116.98,,,,,,,122.0
jasonmyers,jasonmyers,Jason Myers,K,118.26,2,111.52,281.0,125.0,,,,,123.0
kcconcepcion,kcconcepcion,KC Concepcion Jr.,WR,118.66,6,159.93,110.0,116.0,110.0,106.0,116.0,104.0,124.0
dallasgoedert,dallasgoedert,Dallas Goedert,TE,119.69,6,137.11,116.0,84.0,116.0,126.0,126.0,129.0,125.0
kylemonangai,kylemonangai,Kyle Monangai,RB,120.09,6,134.56,111.0,111.0,122.0,132.0,106.0,115.0,126.0
ramsdst,ramsdst,Rams D/ST,DST,120.62,1,120.62,,,,,,,127.0
houstontexans,houstontexans,Houston Texans,,121.5,2,,194.0,107.0,,,136.0,,128.0
losangelesrams,losangelesrams,Los Angeles Rams,,122.5,2,,195.0,103.0,,,142.0,,129.0
jakobimeyers,jakobimeyers,Jakobi Meyers,WR,124.83,6,133.0,122.0,129.0,132.0,125.0,105.0,125.0,130.0
romeodoubs,romeodoubs,Romeo Doubs,WR,125.02,6,156.09,123.0,131.0,118.0,116.0,115.0,114.0,131.0
rachaadwhite,rachaadwhite,Rachaad White,RB,125.2,6,140.18,117.0,127.0,131.0,123.0,110.0,120.0,132.0
xavierworthy,xavierworthy,Xavier Worthy,WR,125.61,6,144.64,120.0,141.0,121.0,120.0,118.0,109.0,133.0
denverbroncos,denverbroncos,Denver Broncos,,127.0,2,,205.0,98.0,,,156.0,,134.0
aaronjones,aaronjones,Aaron Jones Sr.,RB,127.56,6,117.38,125.0,122.0,138.0,131.0,129.0,128.0,135.0
kylermurray,kylermurray,Kyler Murray,QB,127.83,6,148.98,129.0,138.0,119.0,118.0,125.0,118.0,136.0
jalencoker,jalencoker,Jalen Coker,WR,128.37,6,130.21,128.0,142.0,128.0,119.0,124.0,127.0,137.0
tylershough,tylershough,Tyler Shough,QB,128.7,6,107.22,140.0,154.0,125.0,128.0,128.0,130.0,138.0
jordanlove,jordanlove,Jordan Love,QB,129.07,6,159.43,135.0,143.0,117.0,112.0,127.0,116.0,139.0
deebosamuel,deebosamuel,Deebo Samuel Sr.,WR,130.94,6,131.64,139.0,132.0,124.0,130.0,137.0,131.0,140.0
jakeferguson,jakeferguson,Jake Ferguson,TE,131.03,6,135.19,121.0,126.0,127.0,139.0,121.0,138.0,141.0
bakermayfield,bakermayfield,Baker Mayfield,QB,132.53,6,166.19,136.0,137.0,126.0,121.0,122.0,123.0,142.0
camerondicker,camerondicker,Cameron Dicker,K,133.28,2,118.57,280.0,148.0,,,,,143.0
chrisrodriguez,chrisrodriguez,Chris Rodriguez Jr.,RB,134.57,6,168.43,127.0,139.0,129.0,117.0,132.0,122.0,144.0
markandrews,markandrews,Mark Andrews,TE,134.62,6,139.71,126.0,119.0,137.0,142.0,133.0,137.0,145.0
seattleseahawks,seattleseahawks,Seattle Seahawks,,135.5,2,,210.0,118.0,,,153.0,,146.0
juwanjohnson,juwanjohnson,Juwan Johnson,TE,135.78,6,133.68,130.0,140.0,130.0,133.0,139.0,139.0,147.0
mikewashington,mikewashington,Mike Washington Jr.,RB,137.16,6,167.94,131.0,124.0,123.0,124.0,152.0,132.0,148.0
kaimifairbairn,kaimifairbairn,Ka'imi Fairbairn,K,137.6,2,142.2,274.0,133.0,,,,,149.0
ravensdst,ravensdst,Ravens D/ST,DST,137.74,1,137.74,,,,,,,150.0
khalilshakir,khalilshakir,Khalil Shakir,WR,138.6,6,143.58,137.0,162.0,136.0,134.0,123.0,133.0,151.0
woodymarks,woodymarks,Woody Marks,RB,139.53,6,160.19,132.0,136.0,133.0,138.0,134.0,136.0,152.0
jordyntyson,jordyntyson,Jordyn Tyson,WR,139.85,6,168.11,124.0,157.0,142.0,151.0,100.0,121.0,153.0
harrisonmevis,harrisonmevis,Harrison Mevis,K,140.79,1,140.79,554.0,,,,,,154.0
rashidshaheed,rashidshaheed,Rashid Shaheed,WR,141.71,6,166.26,133.0,149.0,135.0,135.0,131.0,134.0,155.0
tylerallgeier,tylerallgeier,Tyler Allgeier,RB,143.58,6,168.47,138.0,146.0,140.0,136.0,130.0,141.0,156.0
malikwillis,malikwillis,Malik Willis,QB,145.34,6,169.02,147.0,165.0,134.0,129.0,140.0,135.0,157.0
samdarnold,samdarnold,Sam Darnold,QB,146.69,6,154.15,153.0,152.0,143.0,143.0,144.0,144.0,158.0
camlittle,camlittle,Cam Little,K,146.69,2,140.39,312.0,153.0,,,,,159.0
jonahcoleman,jonahcoleman,Jonah Coleman,RB,147.29,6,168.77,134.0,150.0,144.0,144.0,135.0,142.0,160.0
eaglesdst,eaglesdst,Eagles D/ST,DST,148.82,1,148.82,,,,,,,161.0
tretucker,tretucker,Tre Tucker,WR,150.98,6,165.9,146.0,159.0,145.0,141.0,149.0,146.0,162.0
danieljones,danieljones,Daniel Jones,QB,151.65,6,166.9,163.0,169.0,139.0,137.0,155.0,143.0,163.0
tyjaespears,tyjaespears,Tyjae Spears,RB,151.72,6,162.3,142.0,151.0,152.0,147.0,146.0,152.0,164.0
keatonmitchell,keatonmitchell,Keaton Mitchell,RB,152.14,6,168.85,141.0,172.0,148.0,146.0,138.0,140.0,165.0
brentonstrange,brentonstrange,Brenton Strange,TE,152.49,6,167.92,152.0,144.0,149.0,156.0,147.0,151.0,166.0
denzelboston,denzelboston,Denzel Boston,WR,152.94,6,149.66,144.0,173.0,155.0,150.0,143.0,147.0,167.0
chiefsdst,chiefsdst,Chiefs D/ST,DST,153.14,1,153.14,,,,,,,168.0
philadelphiaeagles,philadelphiaeagles,Philadelphia Eagles,,155.0,2,,232.0,134.0,,,176.0,,169.0
cjstroud,cjstroud,C.J. Stroud,QB,156.23,6,165.38,172.0,171.0,147.0,145.0,161.0,148.0,170.0
patriotsdst,patriotsdst,Patriots D/ST,DST,157.34,1,157.34,,,,,,,171.0
zachcharbonnet,zachcharbonnet,Zach Charbonnet,RB,157.44,6,156.67,143.0,145.0,163.0,172.0,145.0,163.0,172.0
brownsdst,brownsdst,Browns D/ST,DST,157.6,1,157.6,,,,,,,173.0
willreichard,willreichard,Will Reichard,K,157.93,1,157.93,558.0,,,,,,174.0
hunterhenry,hunterhenry,Hunter Henry,TE,158.12,6,163.7,150.0,161.0,150.0,161.0,160.0,153.0,175.0
jaguarsdst,jaguarsdst,Jaguars D/ST,DST,158.99,1,158.99,,,,,,,176.0
49ersdst,49ersdst,49ers D/ST,DST,160.6,1,160.6,,,,,,,177.0
daltonschultz,daltonschultz,Dalton Schultz,TE,160.82,6,163.91,160.0,158.0,157.0,159.0,169.0,158.0,178.0
jakobilane,jakobilane,Ja'Kobi Lane,WR,160.84,6,169.05,158.0,167.0,141.0,140.0,203.0,145.0,179.0
tankbigsby,tankbigsby,Tank Bigsby,RB,161.3,6,168.79,148.0,164.0,160.0,158.0,163.0,154.0,180.0
lionsdst,lionsdst,Lions D/ST,DST,161.73,1,161.73,,,,,,,181.0
raidersdst,raidersdst,Raiders D/ST,DST,161.98,1,161.98,,,,,,,182.0
spencershrader,spencershrader,Spencer Shrader,K,162.09,1,162.09,,,,,,,183.0
emmettjohnson,emmettjohnson,Emmett Johnson,RB,162.14,6,168.83,145.0,175.0,162.0,152.0,158.0,157.0,184.0
chigokonkwo,chigokonkwo,Chig Okonkwo,TE,162.27,6,169.61,151.0,200.0,146.0,154.0,154.0,150.0,185.0
camward,camward,Cam Ward,QB,162.37,5,168.85,178.0,,159.0,157.0,166.0,161.0,186.0
dontayvionwicks,dontayvionwicks,Dontayvion Wicks,WR,162.98,5,164.92,165.0,,154.0,148.0,192.0,156.0,187.0
minnesotavikings,minnesotavikings,Minnesota Vikings,,163.0,2,,255.0,135.0,,,191.0,,188.0
bryceyoung,bryceyoung,Bryce Young,QB,163.85,5,140.23,196.0,,161.0,162.0,188.0,168.0,189.0
adonaimitchell,adonaimitchell,Adonai Mitchell,WR,164.5,5,168.5,170.0,,165.0,155.0,172.0,162.0,190.0
pittsburghsteelers,pittsburghsteelers,Pittsburgh Steelers,,164.5,2,,240.0,147.0,,,182.0,,191.0
jakebates,jakebates,Jake Bates,K,165.34,2,160.69,372.0,170.0,,,,,192.0
harrisonbutker,harrisonbutker,Harrison Butker,K,165.39,2,146.79,396.0,184.0,,,,,193.0
jalenmcmillan,jalenmcmillan,Jalen McMillan,WR,165.39,5,166.93,155.0,,171.0,173.0,151.0,165.0,194.0
dylansampson,dylansampson,Dylan Sampson,RB,165.6,6,169.63,156.0,178.0,169.0,160.0,150.0,167.0,195.0
terranceferguson,terranceferguson,Terrance Ferguson,TE,165.75,6,168.49,149.0,192.0,153.0,149.0,183.0,149.0,196.0
billsdst,billsdst,Bills D/ST,DST,165.86,1,165.86,,,,,,,197.0
newenglandpatriots,newenglandpatriots,New England Patriots,,166.0,2,,238.0,155.0,,,177.0,,198.0
bearsdst,bearsdst,Bears D/ST,DST,166.45,1,166.45,,,,,,,199.0
malikwashington,malikwashington,Malik Washington,WR,166.62,5,166.09,174.0,,151.0,168.0,173.0,175.0,200.0
eddypineiro,eddypineiro,Eddy Pineiro,K,166.69,2,148.37,384.0,185.0,,,,,201.0
chargersdst,chargersdst,Chargers D/ST,DST,166.99,1,166.99,,,,,,,202.0
bengalsdst,bengalsdst,Bengals D/ST,DST,167.31,1,167.31,,,,,,,203.0
treharris,treharris,Tre' Harris,WR,167.45,5,170.24,166.0,,180.0,163.0,164.0,160.0,204.0
cowboysdst,cowboysdst,Cowboys D/ST,DST,167.7,1,167.7,,,,,,,205.0
evanmcpherson,evanmcpherson,Evan McPherson,K,167.83,2,148.66,524.0,187.0,,,,,206.0
tylerbass,tylerbass,Tyler Bass,K,167.91,1,167.91,552.0,,,,,,207.0
jakeelliott,jakeelliott,Jake Elliott,K,168.08,1,168.08,557.0,,,,,,208.0
mattgay,mattgay,Matt Gay,K,168.19,1,168.19,,,,,,,209.0
treysmack,treysmack,Trey Smack,K,168.38,1,168.38,,,,,,,210.0
dolphinsdst,dolphinsdst,Dolphins D/ST,DST,168.41,1,168.41,,,,,,,211.0
dominiczvada,dominiczvada,Dominic Zvada,K,168.86,1,168.86,,,,,,,212.0
giantsdst,giantsdst,Giants D/ST,DST,168.86,1,168.86,,,,,,,213.0
jetsdst,jetsdst,Jets D/ST,DST,168.88,1,168.88,,,,,,,214.0
packersdst,packersdst,Packers D/ST,DST,168.96,1,168.96,,,,,,,215.0
buccaneersdst,buccaneersdst,Buccaneers D/ST,DST,168.98,1,168.98,,,,,,,216.0
andreszmyt,andreszmyt,Andre Szmyt,K,169.05,1,169.05,,,,,,,217.0
panthersdst,panthersdst,Panthers D/ST,DST,169.15,1,169.15,,,,,,,218.0
ryanfitzgerald,ryanfitzgerald,Ryan Fitzgerald,K,169.16,1,169.16,,,,,,,219.0
cardinalsdst,cardinalsdst,Cardinals D/ST,DST,169.17,1,169.17,,,,,,,220.0
nickfolk,nickfolk,Nick Folk,K,169.18,1,169.18,,,,,,,221.0
falconsdst,falconsdst,Falcons D/ST,DST,169.33,1,169.33,,,,,,,222.0
saintsdst,saintsdst,Saints D/ST,DST,169.34,1,169.34,,,,,,,223.0
danielcarlson,danielcarlson,Daniel Carlson,K,169.4,1,169.4,556.0,,,,,,224.0
commandersdst,commandersdst,Commanders D/ST,DST,169.45,1,169.45,,,,,,,225.0
titansdst,titansdst,Titans D/ST,DST,169.52,1,169.52,,,,,,,226.0
chadryland,chadryland,Chad Ryland,K,169.66,1,169.66,,,,,,,227.0
coltsdst,coltsdst,Colts D/ST,DST,169.67,1,169.67,,,,,,,228.0
ryanflournoy,ryanflournoy,Ryan Flournoy,WR,169.68,5,169.41,175.0,,170.0,164.0,174.0,171.0,229.0
drewstevens,drewstevens,Drew Stevens,K,169.76,1,169.76,,,,,,,230.0
rileypatterson,rileypatterson,Riley Patterson,K,169.78,1,169.78,,,,,,,231.0
joeyslye,joeyslye,Joey Slye,K,169.78,1,169.78,550.0,,,,,,232.0
blakegrupe,blakegrupe,Blake Grupe,K,169.93,1,169.93,561.0,,,,,,233.0
rileynowakowski,rileynowakowski,Riley Nowakowski,RB,170.0,1,170.0,,,,,,,234.0
kayshonboutte,kayshonboutte,Kayshon Boutte,WR,170.72,6,170.32,159.0,190.0,156.0,165.0,184.0,159.0,235.0
kaelonblack,kaelonblack,Kaelon Black,RB,170.95,6,168.69,157.0,160.0,168.0,166.0,197.0,166.0,236.0
keenanallen,keenanallen,Keenan Allen,WR,171.4,6,165.38,169.0,183.0,158.0,153.0,214.0,155.0,237.0
tjhockenson,tjhockenson,T.J. Hockenson,TE,174.36,6,163.14,161.0,199.0,166.0,170.0,179.0,169.0,238.0
jacksonvillejaguars,jacksonvillejaguars,Jacksonville Jaguars,,174.5,2,,251.0,168.0,,,181.0,,239.0
baltimoreravens,baltimoreravens,Baltimore Ravens,,175.5,2,,247.0,156.0,,,195.0,,240.0
jalennailor,jalennailor,Jalen Nailor,WR,175.62,6,169.72,164.0,216.0,164.0,181.0,159.0,164.0,241.0
losangeleschargers,losangeleschargers,Los Angeles Chargers,,176.0,2,,245.0,163.0,,,189.0,,242.0
brianrobinson,brianrobinson,Brian Robinson Jr.,RB,176.06,6,165.39,154.0,180.0,183.0,184.0,168.0,176.0,243.0
chrisboswell,chrisboswell,Chris Boswell,K,176.72,2,165.45,481.0,188.0,,,,,244.0
tyronetracy,tyronetracy,Tyrone Tracy Jr.,RB,178.13,6,169.79,167.0,166.0,185.0,210.0,141.0,197.0,245.0
braelonallen,braelonallen,Braelon Allen,RB,178.36,6,163.14,171.0,179.0,177.0,183.0,185.0,183.0,246.0
aaronrodgers,aaronrodgers,Aaron Rodgers,QB,179.53,5,167.65,214.0,,174.0,171.0,201.0,184.0,247.0
cyrusallen,cyrusallen,Cyrus Allen,WR,179.78,5,169.92,184.0,,172.0,176.0,211.0,170.0,248.0
kenyonsadiq,kenyonsadiq,Kenyon Sadiq,TE,179.78,6,154.67,173.0,191.0,189.0,189.0,178.0,177.0,249.0
patbryant,patbryant,Pat Bryant,WR,179.83,5,170.13,185.0,,175.0,167.0,213.0,174.0,250.0
jacobybrissett,jacobybrissett,Jacoby Brissett,QB,180.04,5,169.21,207.0,,167.0,178.0,193.0,193.0,251.0
raydavis,raydavis,Ray Davis,RB,180.65,5,169.23,162.0,,186.0,174.0,186.0,188.0,252.0
tylerloop,tylerloop,Tyler Loop,K,180.91,2,150.81,453.0,211.0,,,,,253.0
omarcooper,omarcooper,Omar Cooper Jr.,WR,180.94,5,169.72,180.0,,193.0,182.0,180.0,180.0,254.0
ajbarner,ajbarner,AJ Barner,TE,181.28,6,167.71,176.0,201.0,173.0,179.0,194.0,173.0,255.0
jauanjennings,jauanjennings,Jauan Jennings,WR,183.07,6,169.42,177.0,214.0,178.0,190.0,162.0,185.0,256.0
malachifields,malachifields,Malachi Fields,WR,184.12,5,169.6,186.0,,179.0,185.0,208.0,179.0,257.0
cairosantos,cairosantos,Cairo Santos,K,184.14,2,166.28,517.0,202.0,,,,,258.0
alvinkamara,alvinkamara,Alvin Kamara,RB,184.22,6,160.33,168.0,182.0,191.0,200.0,171.0,201.0,259.0
genosmith,genosmith,Geno Smith,QB,184.35,5,168.77,224.0,,181.0,180.0,205.0,187.0,260.0
chasemclaughlin,chasemclaughlin,Chase McLaughlin,K,184.66,2,161.32,506.0,208.0,,,,,261.0
jerryjeudy,jerryjeudy,Jerry Jeudy,WR,185.1,6,168.6,188.0,174.0,196.0,197.0,175.0,200.0,262.0
travishunter,travishunter,Travis Hunter,WR,185.56,5,156.8,179.0,,192.0,198.0,200.0,181.0,263.0
gregdulcich,gregdulcich,Greg Dulcich,TE,188.88,6,170.29,190.0,196.0,187.0,188.0,202.0,190.0,264.0
calebdouglas,calebdouglas,Caleb Douglas,WR,188.94,6,169.66,193.0,204.0,176.0,186.0,220.0,178.0,265.0
orondegadsden,orondegadsden,Oronde Gadsden,TE,189.65,5,170.25,181.0,,194.0,215.0,165.0,204.0,266.0
kimanividal,kimanividal,Kimani Vidal,RB,189.79,5,169.97,183.0,,197.0,192.0,187.0,203.0,267.0
jaydenhiggins,jaydenhiggins,Jayden Higgins,,190.0,2,,237.0,,213.0,,167.0,,268.0
chrisbell,chrisbell,Chris Bell,WR,190.48,6,169.9,189.0,212.0,184.0,169.0,236.0,172.0,269.0
willutz,willutz,Wil Lutz,K,191.22,2,169.43,540.0,213.0,,,,,270.0
devaughnvele,devaughnvele,Devaughn Vele,WR,191.98,5,165.9,199.0,,182.0,177.0,249.0,186.0,271.0
fernandomendoza,fernandomendoza,Fernando Mendoza,QB,192.16,5,168.81,220.0,,195.0,195.0,206.0,196.0,272.0
malikdavis,malikdavis,Malik Davis,RB,192.37,5,169.84,192.0,,188.0,175.0,247.0,182.0,273.0
andyborregales,andyborregales,Andy Borregales,K,192.44,2,169.88,476.0,215.0,,,,,274.0
cadeotton,cadeotton,Cade Otton,TE,192.84,6,170.04,212.0,194.0,190.0,191.0,223.0,189.0,275.0
isaacteslaa,isaacteslaa,Isaac TeSlaa,WR,193.47,5,169.34,191.0,,198.0,203.0,190.0,207.0,276.0
calvinridley,calvinridley,Calvin Ridley,WR,195.95,6,169.72,201.0,193.0,203.0,194.0,221.0,195.0,277.0
gunnarhelm,gunnarhelm,Gunnar Helm,TE,196.2,5,170.0,209.0,,199.0,202.0,212.0,198.0,278.0
patfreiermuth,patfreiermuth,Pat Freiermuth,TE,197.26,5,168.28,198.0,,201.0,193.0,232.0,192.0,279.0
georgeholani,georgeholani,George Holani,RB,198.78,5,169.91,187.0,,202.0,204.0,207.0,211.0,280.0
tedhurst,tedhurst,Ted Hurst III,WR,198.93,5,169.67,202.0,,206.0,187.0,241.0,191.0,281.0
isiahpacheco,isiahpacheco,Isiah Pacheco,RB,199.58,6,166.48,182.0,177.0,209.0,240.0,170.0,235.0,282.0
detroitlions,detroitlions,Detroit Lions,,201.5,2,,268.0,181.0,,,222.0,,283.0
najeeharris,najeeharris,Najee Harris,RB,201.82,5,169.11,197.0,,204.0,196.0,246.0,194.0,284.0
chicagobears,chicagobears,Chicago Bears,,202.5,2,,272.0,189.0,,,216.0,,285.0
zachariahbranch,zachariahbranch,Zachariah Branch,WR,202.75,5,169.74,211.0,,212.0,205.0,219.0,208.0,286.0
cooperkupp,cooperkupp,Cooper Kupp,WR,205.08,6,166.48,203.0,210.0,200.0,212.0,228.0,214.0,287.0
justicehill,justicehill,Justice Hill,RB,205.8,5,169.01,200.0,,205.0,201.0,237.0,217.0,288.0
rickypearsall,rickypearsall,Ricky Pearsall,,207.0,2,,239.0,,218.0,,196.0,,289.0
atlantafalcons,atlantafalcons,Atlanta Falcons,,208.0,2,,310.0,176.0,,,240.0,,290.0
colbyparkinson,colbyparkinson,Colby Parkinson,TE,208.57,5,169.83,226.0,,208.0,211.0,233.0,221.0,291.0
nicholassingleton,nicholassingleton,Nicholas Singleton,RB,208.8,5,170.0,204.0,,227.0,229.0,199.0,219.0,292.0
kalebjohnson,kalebjohnson,Kaleb Johnson,RB,208.98,5,169.92,208.0,,207.0,199.0,270.0,199.0,293.0
jaylinnoel,jaylinnoel,Jaylin Noel,WR,209.76,5,169.79,223.0,,217.0,206.0,254.0,202.0,294.0
michaelpenix,michaelpenix,Michael Penix Jr.,QB,209.81,5,169.05,244.0,,211.0,207.0,253.0,209.0,295.0
tankdell,tankdell,Tank Dell,WR,210.51,5,165.57,215.0,,210.0,237.0,217.0,223.0,296.0
clevelandbrowns,clevelandbrowns,Cleveland Browns,,212.0,2,,285.0,206.0,,,218.0,,297.0
buffalobills,buffalobills,Buffalo Bills,,212.0,2,,271.0,197.0,,,227.0,,298.0
samajeperine,samajeperine,Samaje Perine,RB,212.88,5,169.42,217.0,,216.0,208.0,261.0,210.0,299.0
germiebernard,germiebernard,Germie Bernard,WR,213.16,5,169.8,227.0,,221.0,214.0,256.0,205.0,300.0
antoniowilliams,antoniowilliams,Antonio Williams,WR,213.73,5,169.67,219.0,,224.0,245.0,204.0,226.0,301.0
kirkcousins,kirkcousins,Kirk Cousins,QB,213.93,5,164.64,242.0,,214.0,216.0,251.0,224.0,302.0
rashodbateman,rashodbateman,Rashod Bateman,WR,215.32,5,168.58,229.0,,228.0,209.0,259.0,212.0,303.0
tuatagovailoa,tuatagovailoa,Tua Tagovailoa,QB,215.36,5,169.79,246.0,,222.0,220.0,235.0,230.0,304.0
davidnjoku,davidnjoku,David Njoku,TE,215.98,5,169.9,225.0,,215.0,228.0,245.0,222.0,305.0
greenbaypackers,greenbaypackers,Green Bay Packers,,216.5,2,,278.0,209.0,,,224.0,,306.0
neworleanssaints,neworleanssaints,New Orleans Saints,,217.0,2,,345.0,195.0,,,239.0,,307.0
kaytronallen,kaytronallen,Kaytron Allen,RB,217.41,5,170.06,206.0,,262.0,219.0,198.0,238.0,308.0
sethmcgowan,sethmcgowan,Seth McGowan,RB,217.8,5,170.01,213.0,,229.0,213.0,257.0,220.0,309.0
seantucker,seantucker,Sean Tucker,RB,217.99,5,169.96,218.0,,233.0,238.0,210.0,239.0,310.0
kansascitychiefs,kansascitychiefs,Kansas City Chiefs,,218.0,2,,282.0,205.0,,,231.0,,311.0
evanengram,evanengram,Evan Engram,TE,219.94,5,169.72,233.0,,225.0,225.0,262.0,218.0,312.0
keoncoleman,keoncoleman,Keon Coleman,WR,221.75,5,168.75,234.0,,230.0,227.0,267.0,216.0,313.0
troyfranklin,troyfranklin,Troy Franklin,WR,222.58,5,169.89,235.0,,234.0,244.0,225.0,240.0,314.0
jacobsaylors,jacobsaylors,Jacob Saylors,RB,223.57,5,169.84,228.0,,226.0,224.0,271.0,227.0,315.0
dallascowboys,dallascowboys,Dallas Cowboys,,224.0,2,,286.0,198.0,,,250.0,,316.0
jaylenwright,jaylenwright,Jaylen Wright,RB,225.7,5,168.52,222.0,,266.0,222.0,229.0,243.0,317.0
deshaunwatson,deshaunwatson,Deshaun Watson,QB,227.99,5,166.95,249.0,,231.0,234.0,264.0,244.0,318.0
chrisbrooks,chrisbrooks,Chris Brooks,RB,228.16,5,169.81,231.0,,235.0,236.0,263.0,237.0,319.0
shedeursanders,shedeursanders,Shedeur Sanders,QB,228.89,5,169.46,256.0,,244.0,231.0,266.0,234.0,320.0
demondclaiborne,demondclaiborne,Demond Claiborne,RB,229.59,5,169.95,216.0,,291.0,230.0,215.0,242.0,321.0
jaydonblue,jaydonblue,Jaydon Blue,,234.5,4,,221.0,,223.0,235.0,209.0,271.0,322.0
mikegesicki,mikegesicki,Mike Gesicki,TE,234.77,5,168.85,252.0,,258.0,242.0,277.0,228.0,323.0
jordanjames,jordanjames,Jordan James,RB,234.8,6,169.8,230.0,207.0,302.0,255.0,226.0,249.0,324.0
darnellmooney,darnellmooney,Darnell Mooney,WR,237.18,5,169.9,243.0,,286.0,251.0,238.0,241.0,325.0
emanuelwilson,emanuelwilson,Emanuel Wilson,RB,238.14,4,168.56,250.0,,253.0,,230.0,301.0,326.0
johnbates,johnbates,John Bates,TE,239.99,2,169.97,446.0,,,,310.0,,327.0
kenenwangwu,kenenwangwu,Kene Nwangwu,RB,241.5,2,170.0,455.0,,,,313.0,,328.0
newyorkgiants,newyorkgiants,New York Giants,,242.0,1,,294.0,,,,242.0,,329.0
cadestover,cadestover,Cade Stover,TE,242.51,2,170.03,458.0,,,,315.0,,330.0
jaketonges,jaketonges,Jake Tonges,TE,243.59,5,169.94,241.0,,305.0,248.0,243.0,252.0,331.0
sanfrancisco49ers,sanfrancisco49ers,San Francisco 49ers,,244.0,1,,269.0,,,,244.0,,332.0
darrenwaller,darrenwaller,Darren Waller,TE,246.79,5,167.95,257.0,,219.0,233.0,408.0,206.0,333.0
tylerbadie,tylerbadie,Tyler Badie,RB,246.99,2,169.98,464.0,,,,324.0,,334.0
jamesconner,jamesconner,James Conner,RB,248.39,5,169.93,236.0,,335.0,243.0,234.0,260.0,335.0
sinceremccormick,sinceremccormick,Sincere McCormick,,252.0,1,,454.0,,252.0,,,,336.0
indianapoliscolts,indianapoliscolts,Indianapolis Colts,,252.0,1,,379.0,,,,252.0,,337.0
brashardsmith,brashardsmith,Brashard Smith,RB,252.25,3,169.76,331.0,,310.0,,,277.0,338.0
tyreekhill,tyreekhill,Tyreek Hill,,252.75,4,,253.0,,255.0,260.0,265.0,231.0,339.0
zavionthomas,zavionthomas,Zavion Thomas,WR,253.37,5,169.87,259.0,,220.0,217.0,445.0,215.0,340.0
chimeredike,chimeredike,Chimere Dike,WR,255.46,4,169.85,273.0,,306.0,,273.0,273.0,341.0
tampabaybuccaneers,tampabaybuccaneers,Tampa Bay Buccaneers,,258.0,1,,319.0,,,,258.0,,342.0
charliekolar,charliekolar,Charlie Kolar,TE,259.6,5,170.02,258.0,,232.0,218.0,465.0,213.0,343.0
carolinapanthers,carolinapanthers,Carolina Panthers,,260.0,1,,378.0,,,,260.0,,344.0
colekmet,colekmet,Cole Kmet,TE,260.62,4,169.49,352.0,,344.0,266.0,,263.0,345.0
elistowers,elistowers,Eli Stowers,TE,260.73,4,169.93,267.0,,342.0,,272.0,259.0,346.0
darnellwashington,darnellwashington,Darnell Washington,TE,261.3,4,168.19,370.0,,347.0,285.0,,245.0,347.0
deandrehopkins,deandrehopkins,DeAndre Hopkins,,264.0,2,,293.0,,241.0,,287.0,,348.0
emaridemercado,emaridemercado,Emari Demercado,RB,264.95,5,169.75,254.0,,282.0,269.0,269.0,335.0,349.0
marvinmims,marvinmims,Marvin Mims Jr.,WR,265.75,4,169.99,391.0,,314.0,281.0,,298.0,350.0
dohntemeyers,dohntemeyers,Dohnte Meyers,,267.33,3,,289.0,,238.0,264.0,300.0,,351.0
mackhollins,mackhollins,Mack Hollins,WR,267.63,3,169.9,398.0,,260.0,,,373.0,352.0
tennesseetitans,tennesseetitans,Tennessee Titans,,268.0,1,,311.0,,,,268.0,,353.0
elijaharroyo,elijaharroyo,Elijah Arroyo,TE,268.48,4,169.9,314.0,,391.0,256.0,,257.0,354.0
tylerhigbee,tylerhigbee,Tyler Higbee,TE,268.51,3,169.54,416.0,,327.0,,,309.0,355.0
tyquanthornton,tyquanthornton,Tyquan Thornton,WR,268.7,5,169.51,265.0,,257.0,226.0,466.0,225.0,356.0
willkacmarek,willkacmarek,Will Kacmarek,TE,270.5,2,169.99,549.0,,,,,371.0,357.0
jujusmithschuster,jujusmithschuster,JuJu Smith-Schuster,,271.0,2,,298.0,,245.0,,297.0,,358.0
odellbeckham,odellbeckham,Odell Beckham Jr.,WR,271.39,5,168.93,279.0,,236.0,263.0,442.0,247.0,359.0
masontaylor,masontaylor,Mason Taylor,TE,272.98,5,169.89,275.0,,373.0,279.0,289.0,254.0,360.0
kendrickbourne,kendrickbourne,Kendrick Bourne,WR,273.48,4,169.92,413.0,,368.0,274.0,,282.0,361.0
lasvegasraiders,lasvegasraiders,Las Vegas Raiders,,274.0,1,,333.0,,,,274.0,,362.0
michaelmayer,michaelmayer,Michael Mayer,TE,274.43,5,169.14,260.0,,274.0,223.0,473.0,233.0,363.0
kendremiller,kendremiller,Kendre Miller,RB,274.98,5,169.91,261.0,,366.0,276.0,279.0,284.0,364.0
cincinnatibengals,cincinnatibengals,Cincinnati Bengals,,275.0,1,,393.0,,,,275.0,,365.0
lequintallen,lequintallen,LeQuint Allen Jr.,RB,276.8,5,170.0,266.0,,380.0,246.0,276.0,312.0,366.0
brandonaiyuk,brandonaiyuk,Brandon Aiyuk,,277.67,3,,262.0,,292.0,,248.0,293.0,367.0
demariodouglas,demariodouglas,DeMario Douglas,WR,277.99,5,169.95,264.0,,311.0,221.0,459.0,229.0,368.0
jalenbrooks,jalenbrooks,Jalen Brooks,,279.0,1,,482.0,,279.0,,,,369.0
willshipley,willshipley,Will Shipley,RB,279.94,3,169.83,377.0,,249.0,,421.0,,370.0
zayjones,zayjones,Zay Jones,,280.0,1,,419.0,,,,280.0,,371.0
mitchtinsley,mitchtinsley,Mitch Tinsley,,282.0,2,,308.0,,259.0,,305.0,,372.0
albertokwuegbunam,albertokwuegbunam,Albert Okwuegbunam Jr.,,282.0,1,,420.0,,,,282.0,,373.0
marquezvaldesscantling,marquezvaldesscantling,Marquez Valdes-Scantling,,282.5,2,,309.0,,264.0,,301.0,,374.0
bostonscott,bostonscott,Boston Scott,,283.0,1,,421.0,,,,283.0,,375.0
kylejuszczyk,kylejuszczyk,Kyle Juszczyk,RB,283.38,4,169.53,302.0,,243.0,,370.0,351.0,376.0
xavierlegette,xavierlegette,Xavier Legette,WR,283.46,4,169.85,440.0,,420.0,280.0,,264.0,377.0
drewsample,drewsample,Drew Sample,TE,283.48,4,169.9,304.0,,345.0,,306.0,313.0,378.0
dylanlaube,dylanlaube,Dylan Laube,RB,283.99,3,169.98,408.0,,,,281.0,401.0,379.0
jalinhyatt,jalinhyatt,Jalin Hyatt,,284.0,1,,418.0,,,,284.0,,380.0
toryhorton,toryhorton,Tory Horton,WR,284.19,5,169.96,277.0,,369.0,275.0,356.0,251.0,381.0
dawsonknox,dawsonknox,Dawson Knox,TE,285.06,4,169.25,479.0,,419.0,287.0,,265.0,382.0
dillongabriel,dillongabriel,Dillon Gabriel,,286.0,1,,415.0,,,,286.0,,383.0
sionevaki,sionevaki,Sione Vaki,RB,286.2,4,169.79,288.0,,254.0,,425.0,296.0,384.0
elijahsarratt,elijahsarratt,Elijah Sarratt,,286.67,3,,362.0,,341.0,257.0,,262.0,385.0
carsonbeck,carsonbeck,Carson Beck,QB,286.98,5,169.91,306.0,,290.0,239.0,478.0,258.0,386.0
ameerabdullah,ameerabdullah,Ameer Abdullah,RB,287.01,3,170.03,388.0,,357.0,,334.0,,387.0
jaredwiley,jaredwiley,Jared Wiley,,288.0,1,,422.0,,,,288.0,,388.0
skylerbell,skylerbell,Skyler Bell,WR,288.77,5,169.87,276.0,,300.0,250.0,492.0,232.0,389.0
xavierhutchinson,xavierhutchinson,Xavier Hutchinson,WR,289.19,5,169.95,301.0,,285.0,268.0,456.0,267.0,390.0
isaiahhodgins,isaiahhodgins,Isaiah Hodgins,,290.0,1,,428.0,,,,290.0,,391.0
dariusslayton,dariusslayton,Darius Slayton,,291.0,3,,363.0,,301.0,284.0,,288.0,392.0
lukefarrell,lukefarrell,Luke Farrell,,291.0,1,,427.0,,,,291.0,,393.0
jameiswinston,jameiswinston,Jameis Winston,QB,291.53,3,169.58,494.0,,408.0,,,297.0,394.0
jonathanmingo,jonathanmingo,Jonathan Mingo,,292.0,2,,316.0,,267.0,,317.0,,395.0
davisallen,davisallen,Davis Allen,,292.0,1,,424.0,,,,292.0,,396.0
kylewilliams,kylewilliams,Kyle Williams,WR,292.99,5,169.96,284.0,,323.0,249.0,487.0,236.0,397.0
tannerhudson,tannerhudson,Tanner Hudson,,293.0,1,,430.0,,,,293.0,,398.0
austinhooper,austinhooper,Austin Hooper,TE,293.3,3,169.9,429.0,,,,338.0,372.0,399.0
bamknight,bamknight,Bam Knight,RB,293.34,3,170.01,407.0,,309.0,,401.0,,400.0
jalentolbert,jalentolbert,Jalen Tolbert,WR,293.8,5,169.98,305.0,,331.0,270.0,430.0,268.0,401.0
dareogunbowale,dareogunbowale,Dare Ogunbowale,,294.0,1,,432.0,,,,294.0,,402.0
brycelance,brycelance,Bryce Lance,WR,294.18,5,169.89,283.0,,348.0,232.0,460.0,261.0,403.0
cooperrush,cooperrush,Cooper Rush,,295.0,1,,433.0,,,,295.0,,404.0
treybenson,treybenson,Trey Benson,RB,296.99,4,169.96,300.0,,435.0,,278.0,305.0,405.0
dyamibrown,dyamibrown,Dyami Brown,WR,297.0,4,169.98,326.0,,330.0,,378.0,310.0,406.0
marquisebrown,marquisebrown,Hollywood Brown,WR,297.46,4,169.84,321.0,,304.0,,417.0,299.0,407.0
joshuapalmer,joshuapalmer,Joshua Palmer,WR,297.74,5,169.7,329.0,,296.0,283.0,474.0,266.0,408.0
sterlingshepard,sterlingshepard,Sterling Shepard,,298.0,2,,325.0,,261.0,,335.0,,409.0
liljordanhumphrey,liljordanhumphrey,Lil'Jordan Humphrey,,298.0,1,,431.0,,,,298.0,,410.0
nathancarter,nathancarter,Nathan Carter,,299.0,1,,435.0,,,,299.0,,411.0
malikbenson,malikbenson,Malik Benson,WR,299.59,5,169.96,334.0,,355.0,261.0,437.0,275.0,412.0
jackbech,jackbech,Jack Bech,WR,300.0,5,170.02,299.0,,381.0,277.0,419.0,253.0,413.0
kalifraymond,kalifraymond,Kalif Raymond,WR,300.42,5,166.09,350.0,,333.0,288.0,446.0,269.0,414.0
joeflacco,joeflacco,Joe Flacco,QB,300.57,3,169.7,495.0,,384.0,,,348.0,415.0
milessanders,milessanders,Miles Sanders,,302.0,1,,444.0,,,,302.0,,416.0
kavontaeturpin,kavontaeturpin,KaVontae Turpin,WR,302.07,5,169.34,353.0,,358.0,273.0,434.0,276.0,417.0
raheimsanders,raheimsanders,Raheim Sanders,,302.5,2,,330.0,,248.0,,357.0,,418.0
roschonjohnson,roschonjohnson,Roschon Johnson,,302.75,4,,263.0,,299.0,253.0,389.0,270.0,419.0
jahandotson,jahandotson,Jahan Dotson,WR,302.97,5,169.84,315.0,,378.0,241.0,476.0,250.0,420.0
tyrellshavers,tyrellshavers,Tyrell Shavers,,303.0,1,,525.0,,,,,303.0,421.0
hassanhaskins,hassanhaskins,Hassan Haskins,,303.0,1,,437.0,,,,303.0,,422.0
kareemhunt,kareemhunt,Kareem Hunt,,303.25,4,,270.0,,239.0,247.0,472.0,255.0,423.0
noahgray,noahgray,Noah Gray,TE,303.57,3,169.7,522.0,,350.0,,,391.0,424.0
israelabanikanda,israelabanikanda,Israel Abanikanda,,304.0,1,,434.0,,,,304.0,,425.0
andreiiosivas,andreiiosivas,Andrei Iosivas,WR,304.38,5,169.89,336.0,,354.0,259.0,493.0,246.0,426.0
kevincoleman,kevincoleman,Kevin Coleman Jr.,WR,305.5,4,169.98,351.0,,361.0,,387.0,304.0,427.0
jeremymcnichols,jeremymcnichols,Jeremy McNichols,,307.0,1,,441.0,,,,307.0,,428.0
devontezwalker,devontezwalker,Devontez Walker,WR,307.15,5,169.76,369.0,,281.0,254.0,447.0,384.0,429.0
zamirwhite,zamirwhite,Zamir White,,307.5,2,,343.0,,272.0,,343.0,,430.0
jeremyruckert,jeremyruckert,Jeremy Ruckert,,308.0,1,,443.0,,,,308.0,,431.0
kadenwetjen,kadenwetjen,Kaden Wetjen,,308.0,2,,342.0,,270.0,,346.0,,432.0
jaleelmclaughlin,jaleelmclaughlin,Jaleel McLaughlin,,308.5,2,,337.0,,256.0,,361.0,,433.0
elijahmoore,elijahmoore,Elijah Moore,,308.5,2,,339.0,,295.0,,322.0,,434.0
jahdaewalker,jahdaewalker,Jahdae Walker,,309.0,3,,290.0,,265.0,,382.0,280.0,435.0
jmaritaylor,jmaritaylor,J'Mari Taylor,,309.0,2,,341.0,,293.0,,325.0,,436.0
joshcameron,joshcameron,Josh Cameron,,310.33,3,,291.0,,283.0,,330.0,318.0,437.0
nickchubb,nickchubb,Nick Chubb,,310.33,3,,292.0,,237.0,,355.0,339.0,438.0
isaiahwilliams,isaiahwilliams,Isaiah Williams,WR,310.46,4,169.85,371.0,,371.0,,379.0,322.0,439.0
simifehoko,simifehoko,Simi Fehoko,,312.0,1,,449.0,,,,312.0,,440.0
jalondaniels,jalondaniels,Jalon Daniels,QB,312.61,3,169.82,531.0,,431.0,,,337.0,441.0
treylonburks,treylonburks,Treylon Burks,WR,312.99,4,169.97,373.0,,353.0,,450.0,279.0,442.0
eliraridon,eliraridon,Eli Raridon,TE,313.6,5,170.0,318.0,,407.0,258.0,485.0,248.0,443.0
willlevis,willlevis,Will Levis,,314.0,1,,452.0,,,,314.0,,444.0
timpatrick,timpatrick,Tim Patrick,,314.5,2,,361.0,,,,309.0,320.0,445.0
khalilherbert,khalilherbert,Khalil Herbert,,314.5,2,,349.0,,277.0,,352.0,,446.0
adamtrautman,adamtrautman,Adam Trautman,TE,314.65,3,169.94,536.0,,434.0,,,340.0,447.0
devinsingletary,devinsingletary,Devin Singletary,,315.5,2,,411.0,,251.0,,,380.0,448.0
joshwhyle,joshwhyle,Josh Whyle,,316.0,1,,462.0,,,,316.0,,449.0
erickall,erickall,Erick All Jr.,TE,317.18,5,169.92,355.0,,421.0,262.0,477.0,256.0,450.0
dariuscooper,dariuscooper,Darius Cooper,,317.33,3,,296.0,,268.0,,363.0,321.0,451.0
olamidezaccheaus,olamidezaccheaus,Olamide Zaccheaus,WR,317.63,3,169.9,542.0,,385.0,,,398.0,452.0
brevynspannford,brevynspannford,Brevyn Spann-Ford,,318.0,1,,518.0,,318.0,,,,453.0
tannermckee,tannermckee,Tanner McKee,QB,318.0,3,170.0,487.0,,437.0,,347.0,,454.0
olliegordon,olliegordon,Ollie Gordon II,RB,318.03,4,155.12,328.0,,363.0,,422.0,332.0,455.0
jaylinlane,jaylinlane,Jaylin Lane,,318.67,3,,297.0,,273.0,,358.0,325.0,456.0
brycentremayne,brycentremayne,Brycen Tremayne,,319.0,1,,528.0,,,,,319.0,457.0
ariansmith,ariansmith,Arian Smith,,319.0,1,,473.0,,,,319.0,,458.0
barionbrown,barionbrown,Barion Brown,,319.0,3,,295.0,,275.0,,397.0,285.0,459.0
noahbrown,noahbrown,Noah Brown,,319.5,2,,366.0,,,,311.0,328.0,460.0
montoriefoster,montoriefoster,Montorie Foster Jr.,,320.0,1,,513.0,,320.0,,,,461.0
garrettnussmeier,garrettnussmeier,Garrett Nussmeier,,320.0,1,,472.0,,,,320.0,,462.0
tyjohnson,tyjohnson,Ty Johnson,RB,320.68,5,169.42,399.0,,388.0,267.0,490.0,289.0,463.0
raheemmostert,raheemmostert,Raheem Mostert,,321.0,1,,470.0,,,,321.0,,464.0
eliheidenreich,eliheidenreich,Eli Heidenreich,RB,321.0,5,169.99,397.0,,374.0,252.0,468.0,341.0,465.0
tysimpson,tysimpson,Ty Simpson,QB,321.46,4,169.83,401.0,,297.0,,495.0,324.0,466.0
joemixon,joemixon,Joe Mixon,,322.67,3,,303.0,,240.0,,371.0,357.0,467.0
devinduvernay,devinduvernay,Devin Duvernay,,323.0,1,,466.0,,,,323.0,,468.0
laquontreadwell,laquontreadwell,Laquon Treadwell,,323.0,1,,533.0,,,,,323.0,469.0
jonnusmith,jonnusmith,Jonnu Smith,TE,323.18,5,169.91,445.0,,389.0,282.0,480.0,295.0,470.0
josholiver,josholiver,Josh Oliver,TE,323.47,4,169.87,409.0,,396.0,,328.0,400.0,471.0
macjones,macjones,Mac Jones,QB,324.18,4,169.7,406.0,,372.0,,481.0,274.0,472.0
keandrelambertsmith,keandrelambertsmith,Keandre Lambert-Smith,,324.67,3,,307.0,,289.0,,359.0,326.0,473.0
samhowell,samhowell,Sam Howell,QB,325.47,4,169.89,417.0,,370.0,,399.0,363.0,474.0
tylergoodson,tylergoodson,Tyler Goodson,,326.0,1,,467.0,,,,326.0,,475.0
jammiller,jammiller,Jam Miller,RB,326.66,3,169.99,507.0,,438.0,,372.0,,476.0
durhamsmythe,durhamsmythe,Durham Smythe,,327.0,1,,474.0,,,,327.0,,477.0
hunterrenfrow,hunterrenfrow,Hunter Renfrow,,327.0,1,,532.0,,,,,327.0,478.0
savionwilliams,savionwilliams,Savion Williams,WR,327.24,4,169.95,423.0,,423.0,,414.0,302.0,479.0
noahfant,noahfant,Noah Fant,TE,328.19,4,169.76,426.0,,364.0,,385.0,394.0,480.0
pierrestrong,pierrestrong,Pierre Strong Jr,,328.5,2,,364.0,,308.0,,349.0,,481.0
demarcusrobinson,demarcusrobinson,Demarcus Robinson,,329.0,4,,313.0,,328.0,272.0,435.0,281.0,482.0
christiankirk,christiankirk,Christian Kirk,,329.25,4,,287.0,,390.0,265.0,255.0,407.0,483.0
xavierrestrepo,xavierrestrepo,Xavier Restrepo,,330.0,1,,535.0,,,,,330.0,484.0
tahjbrooks,tahjbrooks,Tahj Brooks,RB,330.5,4,169.98,395.0,,284.0,,500.0,368.0,485.0
ashtondulin,ashtondulin,Ashton Dulin,WR,330.98,4,169.93,436.0,,377.0,,367.0,410.0,486.0
dallenbentley,dallenbentley,Dallen Bentley,,331.0,2,,447.0,,324.0,,,338.0,487.0
anthonyrichardson,anthonyrichardson,Anthony Richardson Sr.,QB,331.5,4,169.99,442.0,,379.0,,494.0,283.0,488.0
jakebobo,jakebobo,Jake Bobo,,332.0,1,,475.0,,,,332.0,,489.0
brandincooks,brandincooks,Brandin Cooks,,332.0,1,,519.0,,332.0,,,,490.0
skyymoore,skyymoore,Skyy Moore,,332.67,3,,317.0,,329.0,,354.0,315.0,491.0
tommydevito,tommydevito,Tommy DeVito,QB,333.29,3,169.87,520.0,,398.0,,432.0,,492.0
eftonchism,eftonchism,Efton Chism,,333.67,3,,322.0,,276.0,,376.0,349.0,493.0
jacksonhawes,jacksonhawes,Jackson Hawes,,334.67,3,,323.0,,319.0,,318.0,367.0,494.0
derekcarr,derekcarr,Derek Carr,,336.0,1,,477.0,,,,336.0,,495.0
salvonahmed,salvonahmed,Salvon Ahmed,,336.0,3,,320.0,,362.0,,339.0,307.0,496.0
tommytremble,tommytremble,Tommy Tremble,TE,336.47,4,169.89,460.0,,356.0,,428.0,392.0,497.0
elijahhiggins,elijahhiggins,Elijah Higgins,TE,336.48,4,169.92,468.0,,414.0,,384.0,378.0,498.0
isaiahdavis,isaiahdavis,Isaiah Davis,RB,336.58,5,169.9,404.0,,401.0,289.0,457.0,366.0,499.0
isaiahbond,isaiahbond,Isaiah Bond,WR,336.7,4,169.82,465.0,,337.0,,486.0,354.0,500.0
theojohnson,theojohnson,Theo Johnson,TE,336.72,4,169.87,451.0,,425.0,,462.0,290.0,501.0
adamrandall,adamrandall,Adam Randall,RB,336.76,4,170.06,376.0,,395.0,,439.0,343.0,502.0
rasheenali,rasheenali,Rasheen Ali,RB,337.23,4,169.92,463.0,,399.0,,405.0,375.0,503.0
gregdortch,gregdortch,Greg Dortch,,337.33,3,,327.0,,278.0,,400.0,334.0,504.0
jarrettstidham,jarrettstidham,Jarrett Stidham,QB,338.25,4,169.99,480.0,,415.0,,424.0,344.0,505.0
cedrictillman,cedrictillman,Cedric Tillman,,339.67,3,,332.0,,298.0,,410.0,311.0,506.0
zavierscott,zavierscott,Zavier Scott,,340.0,1,,488.0,,,,340.0,,507.0
djgiddens,djgiddens,DJ Giddens,RB,340.25,4,170.01,374.0,,340.0,,496.0,355.0,508.0
austinekeler,austinekeler,Austin Ekeler,,341.0,2,,382.0,,271.0,,411.0,,509.0
jimmygaroppolo,jimmygaroppolo,Jimmy Garoppolo,,341.0,1,,484.0,,,,341.0,,510.0
michaeltrigg,michaeltrigg,Michael Trigg,,341.5,2,,386.0,,352.0,,331.0,,511.0
johnmetchie,johnmetchie,John Metchie,,342.67,3,,338.0,,307.0,,404.0,317.0,512.0
maxklare,maxklare,Max Klare,TE,343.0,4,170.01,491.0,,397.0,,453.0,352.0,513.0
samroush,samroush,Sam Roush,,343.33,3,,340.0,,312.0,,333.0,385.0,514.0
jimmyhorn,jimmyhorn,Jimmy Horn Jr.,,344.67,3,,347.0,,263.0,,362.0,409.0,515.0
roberttonyan,roberttonyan,Robert Tonyan Jr,,345.0,2,,392.0,,394.0,,296.0,,516.0
coreykiner,coreykiner,Corey Kiner,,345.0,3,,324.0,,242.0,,403.0,390.0,517.0
trevoretienne,trevoretienne,Trevor Etienne,,345.0,2,,368.0,,246.0,,444.0,,518.0
jjmccarthy,jjmccarthy,J.J. McCarthy,QB,345.07,4,168.27,497.0,,383.0,,484.0,345.0,519.0
colbieyoung,colbieyoung,Colbie Young,,345.33,3,,344.0,,316.0,,448.0,272.0,520.0
brenenthompson,brenenthompson,Brenen Thompson,,346.75,4,,385.0,,351.0,286.0,458.0,292.0,521.0
ajdillon,ajdillon,AJ Dillon,,347.0,3,,346.0,,247.0,,391.0,403.0,522.0
audricestime,audricestime,Audric Estimé,,348.33,3,,335.0,,250.0,,464.0,331.0,523.0
marcusmariota,marcusmariota,Marcus Mariota,QB,348.44,4,169.77,504.0,,376.0,,489.0,359.0,524.0
deionburks,deionburks,Deion Burks,,350.0,3,,348.0,,288.0,,365.0,397.0,525.0
philiprivers,philiprivers,Philip Rivers,,350.0,1,,493.0,,,,350.0,,526.0
romanwilson,romanwilson,Roman Wilson,,351.0,4,,402.0,,387.0,278.0,461.0,278.0,527.0
frankgore,frankgore,Frank Gore Jr.,,351.0,1,,489.0,,,,351.0,,528.0
tysonbagent,tysonbagent,Tyson Bagent,QB,351.7,4,169.81,511.0,,386.0,,475.0,376.0,529.0
kennymcintosh,kennymcintosh,Kenny McIntosh,,353.0,1,,492.0,,,,353.0,,530.0
jordanwatkins,jordanwatkins,Jordan Watkins,,353.33,3,,354.0,,313.0,,360.0,387.0,531.0
jacobcowing,jacobcowing,Jacob Cowing,,354.33,3,,356.0,,317.0,,369.0,377.0,532.0
jordanwhittington,jordanwhittington,Jordan Whittington,,354.67,3,,365.0,,280.0,,423.0,361.0,533.0
elicayomanor,elicayomanor,Elic Ayomanor,,355.0,4,,389.0,,400.0,271.0,463.0,286.0,534.0
jalenmilroe,jalenmilroe,Jalen Milroe,,355.0,3,,359.0,,339.0,,344.0,382.0,535.0
konatamumpfield,konatamumpfield,Konata Mumpfield,,355.67,3,,360.0,,294.0,,380.0,393.0,536.0
taifelton,taifelton,Tai Felton,,356.33,3,,357.0,,360.0,,393.0,316.0,537.0
lukemccaffrey,lukemccaffrey,Luke McCaffrey,,356.67,3,,358.0,,269.0,,455.0,346.0,538.0
jatavionsanders,jatavionsanders,Ja'Tavion Sanders,TE,356.98,4,169.91,527.0,,359.0,,488.0,411.0,539.0
kylemccord,kylemccord,Kyle McCord,,361.0,3,,375.0,,403.0,,285.0,395.0,540.0
dontethornton,dontethornton,Dont'e Thornton Jr.,,361.0,2,,459.0,,,,386.0,336.0,541.0
philmafah,philmafah,Phil Mafah,,361.5,2,,383.0,,303.0,,420.0,,542.0
mylesprice,mylesprice,Myles Price,,363.0,2,,456.0,,,,337.0,389.0,543.0
carsonwentz,carsonwentz,Carson Wentz,,363.67,3,,387.0,,322.0,,364.0,405.0,544.0
zachertz,zachertz,Zach Ertz,,363.67,3,,367.0,,343.0,,454.0,294.0,545.0
taylengreen,taylengreen,Taylen Green,,364.0,2,,502.0,,422.0,,,306.0,546.0
cjdaniels,cjdaniels,CJ Daniels,,364.33,3,,381.0,,287.0,,407.0,399.0,547.0
tutuatwell,tutuatwell,Tutu Atwell,,364.33,3,,380.0,,315.0,,491.0,287.0,548.0
lanlarison,lanlarison,Lan Larison,,366.0,1,,496.0,,,,366.0,,549.0
tylerconklin,tylerconklin,Tyler Conklin,,366.5,2,,425.0,,404.0,,329.0,,550.0
masonrudolph,masonrudolph,Mason Rudolph,,368.0,1,,499.0,,,,368.0,,551.0
joshuadobbs,joshuadobbs,Joshua Dobbs,,368.33,3,,390.0,,416.0,,375.0,314.0,552.0
justinfields,justinfields,Justin Fields,QB,368.92,4,169.68,545.0,,411.0,,499.0,396.0,553.0
danielbellinger,danielbellinger,Daniel Bellinger,,372.0,3,,394.0,,367.0,,416.0,333.0,554.0
matthibner,matthibner,Matt Hibner,,373.0,2,,478.0,,,,377.0,369.0,555.0
damienmartinez,damienmartinez,Damien Martinez,,373.0,1,,505.0,,,,373.0,,556.0
brockwright,brockwright,Brock Wright,,373.33,3,,403.0,,405.0,,345.0,370.0,557.0
tezjohnson,tezjohnson,Tez Johnson,,374.0,3,,405.0,,334.0,,497.0,291.0,558.0
mitchelltrubisky,mitchelltrubisky,Mitchell Trubisky,,374.0,1,,510.0,,,,374.0,,559.0
xaviersmith,xaviersmith,Xavier Smith,,374.0,1,,551.0,,,,,374.0,560.0
kennypickett,kennypickett,Kenny Pickett,,374.33,3,,410.0,,321.0,,394.0,408.0,561.0
romanhemby,romanhemby,Roman Hemby,,375.0,1,,539.0,,375.0,,,,562.0
jalenroyals,jalenroyals,Jalen Royals,,375.5,2,,457.0,,325.0,,426.0,,563.0
joemilton,joemilton,Joe Milton,,377.0,3,,400.0,,326.0,,449.0,356.0,564.0
mitchellevans,mitchellevans,Mitchell Evans,,377.33,3,,414.0,,432.0,,342.0,358.0,565.0
andydalton,andydalton,Andy Dalton,,377.5,2,,448.0,,349.0,,406.0,,566.0
michaelcarter,michaelcarter,Michael Carter,,378.0,2,,483.0,,,,392.0,364.0,567.0
stetsonbennett,stetsonbennett,Stetson Bennett,,379.67,3,,412.0,,365.0,,395.0,379.0,568.0
lukemusgrave,lukemusgrave,Luke Musgrave,,381.0,1,,516.0,,,,381.0,,569.0
rileyleonard,rileyleonard,Riley Leonard,,382.5,2,,469.0,,417.0,,348.0,,570.0
teddybridgewater,teddybridgewater,Teddy Bridgewater,,383.0,1,,512.0,,,,383.0,,571.0
cadeklubnik,cadeklubnik,Cade Klubnik,,383.67,3,,439.0,,409.0,,413.0,329.0,572.0
justinjoly,justinjoly,Justin Joly,,384.33,3,,438.0,,402.0,,451.0,300.0,573.0
ezekielelliott,ezekielelliott,Ezekiel Elliott,,388.0,1,,553.0,,,,,388.0,574.0
tylerhuntley,tylerhuntley,Tyler Huntley,,388.33,3,,450.0,,336.0,,469.0,360.0,575.0
nickwestbrookikhine,nickwestbrookikhine,Nick Westbrook-Ikhine,,389.0,3,,461.0,,393.0,,427.0,347.0,576.0
nateboerkircher,nateboerkircher,Nate Boerkircher,,390.0,2,,537.0,,427.0,,,353.0,577.0
jawharjordan,jawharjordan,Jawhar Jordan,,390.0,1,,523.0,,,,390.0,,578.0
devinneal,devinneal,Devin Neal,,390.33,3,,471.0,,346.0,,483.0,342.0,579.0
chrisbrazzell,chrisbrazzell,Chris Brazzell,,393.5,2,,500.0,,,,479.0,308.0,580.0
willhoward,willhoward,Will Howard,,397.0,2,,490.0,,392.0,,402.0,,581.0
marlinklein,marlinklein,Marlin Klein,,398.0,2,,544.0,,410.0,,,386.0,582.0
treylance,treylance,Trey Lance,,398.33,3,,486.0,,412.0,,433.0,350.0,583.0
tannerkoziol,tannerkoziol,Tanner Koziol,,404.5,2,,546.0,,428.0,,,381.0,584.0
spencerrattler,spencerrattler,Spencer Rattler,,406.67,3,,498.0,,406.0,,412.0,402.0,585.0
tyrodtaylor,tyrodtaylor,Tyrod Taylor,,407.33,3,,509.0,,426.0,,431.0,365.0,586.0
bensinnott,bensinnott,Ben Sinnott,,407.33,3,,508.0,,424.0,,415.0,383.0,587.0
oscardelp,oscardelp,Oscar Delp,,408.0,3,,501.0,,338.0,,482.0,404.0,588.0
taysomhill,taysomhill,Taysom Hill,,408.0,2,,503.0,,418.0,,398.0,,589.0
jakebrowning,jakebrowning,Jake Browning,,409.0,1,,530.0,,,,409.0,,590.0
jarquezhunter,jarquezhunter,Jarquez Hunter,,409.0,2,,485.0,,382.0,,436.0,,591.0
davismills,davismills,Davis Mills,,411.0,3,,515.0,,430.0,,441.0,362.0,592.0
drewlock,drewlock,Drew Lock,,412.0,2,,514.0,,436.0,,388.0,,593.0
quinnewers,quinnewers,Quinn Ewers,,414.5,2,,521.0,,433.0,,396.0,,594.0
isaacguerendo,isaacguerendo,Isaac Guerendo,,422.0,2,,538.0,,,,438.0,406.0,595.0
gardnerminshew,gardnerminshew,Gardner Minshew,,423.5,2,,526.0,,429.0,,418.0,,596.0
kyleallen,kyleallen,Kyle Allen,,426.5,2,,529.0,,413.0,,440.0,,597.0
nickmullens,nickmullens,Nick Mullens,,429.0,1,,541.0,,,,429.0,,598.0
jackendries,jackendries,Jack Endries,,439.0,1,,560.0,,439.0,,,,599.0
jeromeford,jeromeford,Jerome Ford,,443.0,1,,543.0,,,,443.0,,600.0
washingtoncommanders,washingtoncommanders,Washington Commanders,,452.0,1,,547.0,,,,452.0,,601.0
calvinaustiniii,calvinaustiniii,Calvin Austin,,467.0,1,,548.0,,,,467.0,,602.0
newyorkjets,newyorkjets,New York Jets,,470.0,1,,534.0,,,,470.0,,603.0
miamidolphins,miamidolphins,Miami Dolphins,,471.0,1,,555.0,,,,471.0,,604.0
arizonacardinals,arizonacardinals,Arizona Cardinals,,498.0,1,,559.0,,,,498.0,,605.0
